id,age_now,age_start,year_start,duration
1786,85,6,1936,79
1841,86,10,1939,76
1702,87,12,1940,75
1556,81,11,1945,70
1064,94,25,1946,69
1886,83,15,1947,68
1530,80,12,1947,68
1247,78,10,1947,68
1873,80,13,1948,67
1830,76,9,1948,67
2033,82,16,1949,66
1002,81,15,1949,66
1526,81,15,1949,66
1628,81,15,1949,66
1721,80,14,1949,66
1092,85,20,1950,65
2054,85,20,1950,65
1265,84,19,1950,65
1584,84,19,1950,65
1116,81,16,1950,65
2137,80,15,1950,65
1991,79,14,1950,65
1041,78,13,1950,65
1259,77,12,1950,65
2232,63,4,1950,65
1441,87,23,1951,64
1254,81,17,1951,64
2026,78,14,1951,64
1098,76,12,1951,64
1714,86,23,1952,63
1675,83,20,1952,63
1848,81,18,1952,63
1419,79,16,1952,63
1853,77,14,1952,63
1936,84,22,1953,62
1252,82,20,1953,62
1366,82,20,1953,62
1980,82,20,1953,62
2022,82,20,1953,62
1661,80,18,1953,62
2070,78,16,1953,62
1035,74,12,1953,62
1492,84,23,1954,61
1295,83,22,1954,61
1230,82,21,1954,61
1857,82,21,1954,61
1369,81,20,1954,61
1078,79,18,1954,61
1364,78,17,1954,61
2193,78,17,1954,61
1688,77,16,1954,61
1339,76,15,1954,61
1776,76,15,1954,61
1210,87,27,1955,60
1429,86,26,1955,60
1299,84,24,1955,60
1268,81,21,1955,60
1662,80,20,1955,60
1940,77,17,1955,60
1267,76,16,1955,60
1410,76,16,1955,60
1965,76,16,1955,60
1521,75,15,1955,60
2203,72,12,1955,60
1691,83,24,1956,59
1567,82,23,1956,59
1705,79,20,1956,59
1758,77,18,1956,59
1851,77,18,1956,59
1618,75,16,1956,59
1994,74,15,1956,59
1622,73,14,1956,59
1281,71,12,1956,59
1514,69,10,1956,59
2177,85,27,1957,58
1701,79,21,1957,58
1654,75,17,1957,58
1837,73,15,1957,58
1044,86,29,1958,57
1201,83,26,1958,57
1248,83,26,1958,57
1477,82,25,1958,57
1770,82,25,1958,57
1182,81,24,1958,57
2096,80,23,1958,57
2150,79,22,1958,57
2005,77,20,1958,57
2104,76,19,1958,57
1645,73,16,1958,57
1195,86,30,1959,56
2039,83,27,1959,56
1353,82,26,1959,56
1566,79,23,1959,56
1390,78,22,1959,56
2075,77,21,1959,56
1715,75,19,1959,56
1365,73,17,1959,56
1621,65,9,1959,56
1387,64,8,1959,56
2218,88,33,1960,55
1927,87,32,1960,55
1214,86,31,1960,55
1633,84,29,1960,55
2069,84,29,1960,55
1234,83,28,1960,55
1507,81,26,1960,55
1524,81,26,1960,55
1347,80,25,1960,55
1543,79,24,1960,55
1632,79,24,1960,55
1839,79,24,1960,55
1296,78,23,1960,55
1648,78,23,1960,55
2123,78,23,1960,55
1012,76,21,1960,55
2141,76,21,1960,55
2155,76,21,1960,55
1902,75,20,1960,55
2190,75,20,1960,55
2191,75,20,1960,55
1249,74,19,1960,55
1280,73,18,1960,55
2225,73,18,1960,55
1888,72,17,1960,55
1748,71,16,1960,55
1227,69,14,1960,55
1310,85,31,1961,54
1175,82,28,1961,54
1679,82,28,1961,54
1783,82,28,1961,54
1119,80,26,1961,54
2237,71,17,1961,54
2025,69,15,1961,54
1186,80,27,1962,53
1324,79,26,1962,53
1771,79,26,1962,53
1028,78,25,1962,53
1779,75,22,1962,53
1061,74,21,1962,53
1882,69,16,1962,53
1993,84,32,1963,52
1219,82,30,1963,52
1383,78,26,1963,52
1307,77,25,1963,52
1326,67,15,1963,52
1076,82,31,1964,51
1685,82,31,1964,51
1564,78,27,1964,51
1067,77,26,1964,51
1487,76,25,1964,51
1072,75,24,1964,51
1269,74,23,1964,51
1445,74,23,1964,51
1728,74,23,1964,51
1973,74,23,1964,51
1151,64,13,1964,51
1627,84,34,1965,50
1718,83,33,1965,50
1774,82,32,1965,50
1773,81,31,1965,50
1237,80,30,1965,50
1156,78,28,1965,50
1569,78,28,1965,50
1172,77,27,1965,50
1510,77,27,1965,50
2192,77,27,1965,50
1448,76,26,1965,50
1541,76,26,1965,50
1604,76,26,1965,50
2199,76,26,1965,50
1399,75,25,1965,50
1167,74,24,1965,50
1180,74,24,1965,50
1723,74,24,1965,50
1087,73,23,1965,50
1756,73,23,1965,50
1791,73,23,1965,50
1663,72,22,1965,50
1901,72,22,1965,50
1670,68,18,1965,50
1916,66,16,1965,50
1285,63,13,1965,50
2231,63,13,1965,50
1683,61,11,1965,50
1637,56,6,1965,50
1581,83,34,1966,49
2105,77,28,1966,49
1941,76,27,1966,49
1029,75,26,1966,49
1568,74,25,1966,49
1963,74,25,1966,49
2106,74,25,1966,49
1300,NA,NA,1966,49
1062,81,33,1967,48
1317,80,32,1967,48
1535,80,32,1967,48
1276,76,28,1967,48
1796,66,18,1967,48
1716,80,33,1968,47
1450,78,31,1968,47
1166,77,30,1968,47
1931,77,30,1968,47
1494,76,29,1968,47
1559,75,28,1968,47
2107,75,28,1968,47
1263,74,27,1968,47
1463,74,27,1968,47
2020,74,27,1968,47
1070,73,26,1968,47
1073,73,26,1968,47
2202,73,26,1968,47
1408,71,24,1968,47
1391,68,21,1968,47
1256,63,16,1968,47
1367,63,16,1968,47
2091,61,14,1968,47
1616,NA,NA,1968,47
1302,78,32,1969,46
1388,78,32,1969,46
2100,78,32,1969,46
2226,78,32,1969,46
1947,77,31,1969,46
1038,76,30,1969,46
1806,76,30,1969,46
1145,75,29,1969,46
1565,72,26,1969,46
1892,68,22,1969,46
1133,66,20,1969,46
1653,62,16,1969,46
2011,NA,NA,1969,46
1512,83,38,1970,45
2119,83,38,1970,45
1393,81,36,1970,45
1856,80,35,1970,45
2117,80,35,1970,45
1021,79,34,1970,45
1132,79,34,1970,45
1246,79,34,1970,45
1551,79,34,1970,45
1370,78,33,1970,45
1423,78,33,1970,45
1753,78,33,1970,45
1178,77,32,1970,45
1695,77,32,1970,45
2067,77,32,1970,45
2164,77,32,1970,45
1001,76,31,1970,45
1497,76,31,1970,45
1638,76,31,1970,45
1671,76,31,1970,45
1818,76,31,1970,45
1102,75,30,1970,45
2040,75,30,1970,45
1109,74,29,1970,45
1164,74,29,1970,45
1913,74,29,1970,45
1736,73,28,1970,45
1123,71,26,1970,45
1271,71,26,1970,45
1426,71,26,1970,45
1847,71,26,1970,45
1122,69,24,1970,45
1752,67,22,1970,45
1861,66,21,1970,45
1674,61,16,1970,45
1155,60,15,1970,45
1096,58,13,1970,45
1548,NA,NA,1970,45
1350,82,38,1971,44
1075,81,37,1971,44
1590,79,35,1971,44
1504,77,33,1971,44
1614,76,32,1971,44
1213,74,30,1971,44
2094,68,24,1971,44
1754,65,21,1971,44
2144,61,17,1971,44
1751,86,43,1972,43
1453,79,36,1972,43
1424,77,34,1972,43
2003,77,34,1972,43
1074,75,32,1972,43
2002,74,31,1972,43
1112,71,28,1972,43
1297,71,28,1972,43
2062,68,25,1972,43
1008,60,17,1972,43
1812,60,17,1972,43
2046,60,17,1972,43
2183,59,16,1972,43
1922,57,14,1972,43
1376,NA,NA,1972,43
1891,78,36,1973,42
2008,78,36,1973,42
1462,77,35,1973,42
1594,73,31,1973,42
1649,67,25,1973,42
1327,64,22,1973,42
1305,62,20,1973,42
2161,79,38,1974,41
1333,75,34,1974,41
1468,75,34,1974,41
1821,75,34,1974,41
1659,73,32,1974,41
1822,72,31,1974,41
1177,67,26,1974,41
1880,66,25,1974,41
1045,83,43,1975,40
1906,82,42,1975,40
1050,80,40,1975,40
1967,80,40,1975,40
1191,79,39,1975,40
1784,78,38,1975,40
2049,78,38,1975,40
1025,74,34,1975,40
1898,74,34,1975,40
2205,72,32,1975,40
1332,71,31,1975,40
1020,69,29,1975,40
1198,67,27,1975,40
1329,67,27,1975,40
1080,66,26,1975,40
1006,65,25,1975,40
1017,58,18,1975,40
1124,58,18,1975,40
1491,57,17,1975,40
2142,57,17,1975,40
2034,51,11,1975,40
1018,82,43,1976,39
1964,79,40,1976,39
1866,78,39,1976,39
1933,76,37,1976,39
1790,74,35,1976,39
2018,70,31,1976,39
1557,68,29,1976,39
1860,67,28,1976,39
1392,65,26,1976,39
1640,65,26,1976,39
1747,63,24,1976,39
1870,60,21,1976,39
2235,57,18,1976,39
2227,52,13,1976,39
2216,43,4,1976,39
1741,79,41,1977,38
1144,77,39,1977,38
1229,77,39,1977,38
1968,77,39,1977,38
1516,75,37,1977,38
1498,74,36,1977,38
1698,73,35,1977,38
2015,72,34,1977,38
1775,70,32,1977,38
1379,65,27,1977,38
1925,65,27,1977,38
1835,64,26,1977,38
1137,61,23,1977,38
1990,55,17,1977,38
1140,82,45,1978,37
1877,80,43,1978,37
1262,77,40,1978,37
1652,77,40,1978,37
1966,75,38,1978,37
1352,74,37,1978,37
1609,73,36,1978,37
2170,73,36,1978,37
1742,70,33,1978,37
1574,68,31,1978,37
1730,68,31,1978,37
1469,66,29,1978,37
1356,61,24,1978,37
1838,55,18,1978,37
1396,54,17,1978,37
1200,52,15,1978,37
2136,50,13,1978,37
1905,79,43,1979,36
1613,77,41,1979,36
2158,75,39,1979,36
1519,73,37,1979,36
2064,65,29,1979,36
1436,62,26,1979,36
1948,54,18,1979,36
1358,53,17,1979,36
1794,52,16,1979,36
2085,82,47,1980,35
1141,81,46,1980,35
1129,79,44,1980,35
1301,79,44,1980,35
1284,78,43,1980,35
1389,78,43,1980,35
1908,78,43,1980,35
1205,77,42,1980,35
1890,77,42,1980,35
1381,76,41,1980,35
1577,76,41,1980,35
1596,76,41,1980,35
1789,75,40,1980,35
2097,75,40,1980,35
1225,74,39,1980,35
1328,74,39,1980,35
1447,73,38,1980,35
1733,73,38,1980,35
1194,72,37,1980,35
1413,72,37,1980,35
1465,72,37,1980,35
1765,72,37,1980,35
1917,72,37,1980,35
2074,72,37,1980,35
1169,71,36,1980,35
1677,71,36,1980,35
1849,71,36,1980,35
1777,69,34,1980,35
1068,68,33,1980,35
1692,68,33,1980,35
2006,68,33,1980,35
1455,67,32,1980,35
1817,67,32,1980,35
1829,67,32,1980,35
1004,65,30,1980,35
1114,63,28,1980,35
1560,62,27,1980,35
1820,62,27,1980,35
1761,60,25,1980,35
1780,58,23,1980,35
2047,57,22,1980,35
1170,54,19,1980,35
2128,54,19,1980,35
1601,49,14,1980,35
2118,81,47,1981,34
1111,76,42,1981,34
1536,75,41,1981,34
2174,74,40,1981,34
1656,73,39,1981,34
1801,72,38,1981,34
1113,71,37,1981,34
1043,70,36,1981,34
1446,68,34,1981,34
1279,61,27,1981,34
1843,55,21,1981,34
1261,54,20,1981,34
2188,54,20,1981,34
1513,52,18,1981,34
2242,51,17,1981,34
1542,83,50,1982,33
1923,83,50,1982,33
1684,77,44,1982,33
1439,72,39,1982,33
1972,72,39,1982,33
1562,71,38,1982,33
1309,68,35,1982,33
1344,64,31,1982,33
2050,64,31,1982,33
1976,63,30,1982,33
1520,61,28,1982,33
2066,61,28,1982,33
1734,59,26,1982,33
2012,59,26,1982,33
1126,51,18,1982,33
1985,51,18,1982,33
1959,50,17,1982,33
1428,49,16,1982,33
2111,49,16,1982,33
1474,NA,NA,1982,33
1374,85,53,1983,32
1449,83,51,1983,32
1031,79,47,1983,32
1057,79,47,1983,32
1207,79,47,1983,32
1363,78,46,1983,32
1955,73,41,1983,32
1914,72,40,1983,32
2121,72,40,1983,32
1278,70,38,1983,32
1792,69,37,1983,32
1855,68,36,1983,32
1938,67,35,1983,32
1505,66,34,1983,32
1013,65,33,1983,32
1558,65,33,1983,32
2036,65,33,1983,32
1223,64,32,1983,32
1336,61,29,1983,32
2126,55,23,1983,32
1181,53,21,1983,32
1503,52,20,1983,32
1764,46,14,1983,32
1108,85,54,1984,31
1600,80,49,1984,31
1204,79,48,1984,31
1598,79,48,1984,31
1501,77,46,1984,31
1579,77,46,1984,31
1823,77,46,1984,31
1243,76,45,1984,31
1007,75,44,1984,31
1037,75,44,1984,31
1900,75,44,1984,31
1738,73,42,1984,31
1939,73,42,1984,31
1517,72,41,1984,31
1412,71,40,1984,31
2009,68,37,1984,31
1953,67,36,1984,31
1647,65,34,1984,31
1951,65,34,1984,31
1337,63,32,1984,31
1709,58,27,1984,31
2157,57,26,1984,31
1511,47,16,1984,31
1488,79,49,1985,30
1266,77,47,1985,30
1589,75,45,1985,30
1630,75,45,1985,30
1639,75,45,1985,30
2078,74,44,1985,30
1697,73,43,1985,30
2017,73,43,1985,30
1476,72,42,1985,30
1840,72,42,1985,30
1680,69,39,1985,30
1417,68,38,1985,30
1641,68,38,1985,30
1215,66,36,1985,30
1525,66,36,1985,30
2108,66,36,1985,30
1460,65,35,1985,30
1635,65,35,1985,30
1722,64,34,1985,30
1245,63,33,1985,30
1919,61,31,1985,30
1032,60,30,1985,30
2200,60,30,1985,30
1881,58,28,1985,30
1218,56,26,1985,30
1805,55,25,1985,30
2029,53,23,1985,30
2044,48,18,1985,30
1658,46,16,1985,30
2086,NA,NA,1985,30
2120,81,52,1986,29
1531,80,51,1986,29
1597,78,49,1986,29
1726,72,43,1986,29
1117,71,42,1986,29
1378,67,38,1986,29
1304,64,35,1986,29
2028,64,35,1986,29
2031,64,35,1986,29
1909,62,33,1986,29
1192,61,32,1986,29
1212,58,29,1986,29
1293,52,23,1986,29
1063,47,18,1986,29
1079,84,56,1987,28
1345,80,52,1987,28
1687,76,48,1987,28
1859,73,45,1987,28
1148,69,41,1987,28
1082,65,37,1987,28
1896,65,37,1987,28
1260,63,35,1987,28
2116,61,33,1987,28
2173,58,30,1987,28
1694,57,29,1987,28
1798,53,25,1987,28
1085,51,23,1987,28
1763,48,20,1987,28
1461,43,15,1987,28
1472,NA,NA,1987,28
1147,80,53,1988,27
1926,79,52,1988,27
1943,71,44,1988,27
1287,61,34,1988,27
1544,54,27,1988,27
1869,49,22,1988,27
1240,48,21,1988,27
1766,78,52,1989,26
1778,76,50,1989,26
1209,72,46,1989,26
1361,65,39,1989,26
1961,64,38,1989,26
1071,61,35,1989,26
2215,57,31,1989,26
1664,54,28,1989,26
2195,47,21,1989,26
2210,36,10,1989,26
1539,76,51,1990,25
1251,75,50,1990,25
1432,75,50,1990,25
1585,75,50,1990,25
1055,74,49,1990,25
1083,70,45,1990,25
1394,69,44,1990,25
1048,68,43,1990,25
1625,68,43,1990,25
1033,67,42,1990,25
1833,59,34,1990,25
1385,57,32,1990,25
1997,55,30,1990,25
2130,55,30,1990,25
2207,55,30,1990,25
1884,51,26,1990,25
1023,64,40,1991,24
1349,63,39,1991,24
1315,59,35,1991,24
1534,57,33,1991,24
1983,81,58,1992,23
2073,55,32,1992,23
1066,52,29,1992,23
1311,51,28,1992,23
2175,73,51,1993,22
1088,51,29,1993,22
1711,49,27,1993,22
1500,72,51,1994,21
1134,68,47,1994,21
1606,63,42,1994,21
1636,57,36,1994,21
1824,28,7,1994,21
1325,NA,NA,1994,21
1828,77,57,1995,20
1960,77,57,1995,20
2163,76,56,1995,20
2060,74,54,1995,20
2083,68,48,1995,20
1591,62,42,1995,20
1331,58,38,1995,20
2112,58,38,1995,20
1971,53,33,1995,20
2172,42,22,1995,20
2220,40,20,1995,20
1958,39,19,1995,20
1273,77,58,1996,19
1097,73,54,1996,19
1508,62,43,1996,19
1014,45,26,1996,19
1863,34,15,1996,19
1334,79,61,1997,18
2089,76,58,1997,18
1375,47,29,1997,18
1303,73,56,1998,17
1406,69,52,1998,17
1998,67,50,1998,17
1467,65,48,1998,17
1395,64,47,1998,17
1871,60,43,1998,17
2185,58,41,1998,17
1236,54,37,1998,17
1421,53,36,1998,17
1719,47,30,1998,17
2077,41,24,1998,17
1485,39,22,1998,17
2224,38,21,1998,17
2072,74,58,1999,16
2160,58,42,1999,16
1583,55,39,1999,16
1010,54,38,1999,16
1813,52,36,1999,16
1027,47,31,1999,16
1480,77,62,2000,15
1495,77,62,2000,15
1643,76,61,2000,15
2132,76,61,2000,15
1105,72,57,2000,15
1458,71,56,2000,15
2023,67,52,2000,15
1312,66,51,2000,15
1570,66,51,2000,15
1270,65,50,2000,15
1165,64,49,2000,15
1189,64,49,2000,15
2079,64,49,2000,15
1290,63,48,2000,15
1999,62,47,2000,15
1342,60,45,2000,15
1934,59,44,2000,15
2013,59,44,2000,15
1996,58,43,2000,15
1203,57,42,2000,15
1727,57,42,2000,15
1814,57,42,2000,15
1174,48,33,2000,15
1982,48,33,2000,15
1578,46,31,2000,15
2127,45,30,2000,15
1593,43,28,2000,15
1949,38,23,2000,15
2122,37,22,2000,15
2129,34,19,2000,15
1944,28,13,2000,15
1904,69,55,2001,14
1739,68,54,2001,14
1161,67,53,2001,14
1313,59,45,2001,14
1274,50,36,2001,14
1561,46,32,2001,14
2222,NA,NA,2001,14
1690,75,62,2002,13
1910,75,62,2002,13
2071,75,62,2002,13
1506,74,61,2002,13
1676,74,61,2002,13
1340,73,60,2002,13
1471,73,60,2002,13
2014,58,45,2002,13
1499,54,41,2002,13
1907,48,35,2002,13
1052,47,34,2002,13
1022,44,31,2002,13
2145,43,30,2002,13
1228,81,69,2003,12
1619,75,63,2003,12
1401,73,61,2003,12
1431,66,54,2003,12
1081,65,53,2003,12
1470,60,48,2003,12
2139,57,45,2003,12
1015,54,42,2003,12
2081,54,42,2003,12
2165,54,42,2003,12
2010,53,41,2003,12
1065,48,36,2003,12
1644,41,29,2003,12
1793,34,22,2003,12
1883,NA,NA,2003,12
1759,82,71,2004,11
1058,75,64,2004,11
1051,74,63,2004,11
1819,73,62,2004,11
2076,73,62,2004,11
2110,65,54,2004,11
1430,63,52,2004,11
1257,59,48,2004,11
1956,59,48,2004,11
1286,57,46,2004,11
1241,55,44,2004,11
1809,52,41,2004,11
1316,51,40,2004,11
1875,51,40,2004,11
2038,51,40,2004,11
1482,50,39,2004,11
1377,49,38,2004,11
1928,47,36,2004,11
1457,44,33,2004,11
1415,41,30,2004,11
1555,NA,NA,2004,11
1708,82,72,2005,10
1707,75,65,2005,10
1435,73,63,2005,10
1603,73,63,2005,10
1832,72,62,2005,10
1054,70,60,2005,10
1188,70,60,2005,10
2058,68,58,2005,10
2182,68,58,2005,10
1298,67,57,2005,10
1179,66,56,2005,10
1099,65,55,2005,10
1414,65,55,2005,10
2065,65,55,2005,10
2217,65,55,2005,10
1509,63,53,2005,10
1749,63,53,2005,10
1912,62,52,2005,10
1153,60,50,2005,10
1026,55,45,2005,10
1208,55,45,2005,10
1744,55,45,2005,10
1929,52,42,2005,10
1549,50,40,2005,10
1945,50,40,2005,10
2080,48,38,2005,10
1459,46,36,2005,10
1920,46,36,2005,10
1755,45,35,2005,10
1545,44,34,2005,10
1291,41,31,2005,10
2063,35,25,2005,10
1221,34,24,2005,10
1323,76,67,2006,9
1106,73,64,2006,9
1788,73,64,2006,9
1872,67,58,2006,9
1803,64,55,2006,9
2027,64,55,2006,9
1162,63,54,2006,9
1678,60,51,2006,9
1533,59,50,2006,9
1977,59,50,2006,9
2240,56,47,2006,9
2035,51,42,2006,9
1540,47,38,2006,9
1842,42,33,2006,9
1634,NA,NA,2006,9
1442,76,68,2007,8
2032,75,67,2007,8
1607,73,65,2007,8
1874,68,60,2007,8
1373,65,57,2007,8
1318,63,55,2007,8
1681,63,55,2007,8
1384,61,53,2007,8
1211,60,52,2007,8
1159,59,51,2007,8
2092,55,47,2007,8
1233,49,41,2007,8
1576,47,39,2007,8
1617,40,32,2007,8
2238,38,30,2007,8
1915,32,24,2007,8
1762,NA,NA,2007,8
2149,NA,NA,2007,8
1735,71,64,2008,7
1642,70,63,2008,7
1682,69,62,2008,7
1831,68,61,2008,7
2084,66,59,2008,7
1091,65,58,2008,7
1130,63,56,2008,7
1139,63,56,2008,7
1745,63,56,2008,7
1894,62,55,2008,7
1987,62,55,2008,7
1176,61,54,2008,7
1586,61,54,2008,7
1887,59,52,2008,7
1434,57,50,2008,7
1552,56,49,2008,7
1978,56,49,2008,7
1921,55,48,2008,7
1995,54,47,2008,7
1768,52,45,2008,7
1084,51,44,2008,7
1665,50,43,2008,7
2147,49,42,2008,7
2152,49,42,2008,7
1631,44,37,2008,7
1372,42,35,2008,7
1930,36,29,2008,7
1785,34,27,2008,7
1962,25,18,2008,7
1346,NA,NA,2008,7
1689,NA,NA,2008,7
1757,NA,NA,2008,7
1206,69,63,2009,6
1438,67,61,2009,6
1588,65,59,2009,6
1946,65,59,2009,6
2088,64,58,2009,6
1089,61,55,2009,6
1060,59,53,2009,6
1294,58,52,2009,6
1799,58,52,2009,6
1984,57,51,2009,6
2021,56,50,2009,6
1440,55,49,2009,6
1120,54,48,2009,6
1341,54,48,2009,6
2024,53,47,2009,6
2234,53,47,2009,6
1954,50,44,2009,6
1523,49,43,2009,6
1405,47,41,2009,6
1077,45,39,2009,6
1810,45,39,2009,6
1046,44,38,2009,6
1193,44,38,2009,6
1713,41,35,2009,6
2124,37,31,2009,6
1103,33,27,2009,6
1989,32,26,2009,6
1158,29,23,2009,6
1231,29,23,2009,6
2146,18,12,2009,6
1128,13,7,2009,6
1897,NA,NA,2009,6
1700,78,73,2010,5
1981,71,66,2010,5
1100,69,64,2010,5
1538,68,63,2010,5
2114,68,63,2010,5
2131,68,63,2010,5
1351,66,61,2010,5
2061,66,61,2010,5
1005,65,60,2010,5
1306,65,60,2010,5
1451,65,60,2010,5
1988,65,60,2010,5
2213,65,60,2010,5
1101,64,59,2010,5
1852,64,59,2010,5
1090,61,56,2010,5
1320,61,56,2010,5
1554,61,56,2010,5
1398,60,55,2010,5
1802,60,55,2010,5
2186,60,55,2010,5
1224,57,52,2010,5
1703,55,50,2010,5
2178,55,50,2010,5
2187,55,50,2010,5
1673,53,48,2010,5
1826,53,48,2010,5
2068,52,47,2010,5
1053,51,46,2010,5
1288,51,46,2010,5
1537,51,46,2010,5
1196,50,45,2010,5
2093,50,45,2010,5
2196,49,44,2010,5
1121,48,43,2010,5
1163,48,43,2010,5
1532,47,42,2010,5
2098,47,42,2010,5
1125,46,41,2010,5
1672,46,41,2010,5
2206,45,40,2010,5
1250,44,39,2010,5
1253,44,39,2010,5
1464,44,39,2010,5
1486,42,37,2010,5
1655,42,37,2010,5
1528,40,35,2010,5
1611,39,34,2010,5
1275,28,23,2010,5
1650,NA,NA,2010,5
1808,NA,NA,2010,5
2001,78,74,2011,4
1425,74,70,2011,4
1382,72,68,2011,4
1668,72,68,2011,4
1047,69,65,2011,4
1386,67,63,2011,4
1502,65,61,2011,4
1575,65,61,2011,4
2184,65,61,2011,4
1321,62,58,2011,4
1152,61,57,2011,4
1572,61,57,2011,4
1602,61,57,2011,4
1563,58,54,2011,4
2197,58,54,2011,4
1580,56,52,2011,4
1800,56,52,2011,4
1807,56,52,2011,4
1030,55,51,2011,4
1069,55,51,2011,4
1624,55,51,2011,4
2219,55,51,2011,4
1118,54,50,2011,4
1397,54,50,2011,4
1547,53,49,2011,4
1760,53,49,2011,4
1456,52,48,2011,4
1767,52,48,2011,4
1115,51,47,2011,4
1895,51,47,2011,4
2051,51,47,2011,4
1184,50,46,2011,4
1595,50,46,2011,4
1769,50,46,2011,4
1825,49,45,2011,4
2135,49,45,2011,4
2166,48,44,2011,4
2171,48,44,2011,4
2180,48,44,2011,4
1019,47,43,2011,4
1400,47,43,2011,4
2041,47,43,2011,4
2228,47,43,2011,4
1136,46,42,2011,4
1522,46,42,2011,4
1731,45,41,2011,4
1957,44,40,2011,4
1217,43,39,2011,4
1049,38,34,2011,4
2007,38,34,2011,4
2133,37,33,2011,4
2221,33,29,2011,4
2201,NA,NA,2011,4
2239,NA,NA,2011,4
1815,76,73,2012,3
2181,76,73,2012,3
1104,75,72,2012,3
1750,72,69,2012,3
1725,68,65,2012,3
1846,66,63,2012,3
2090,65,62,2012,3
2143,65,62,2012,3
1667,64,61,2012,3
2138,64,61,2012,3
2000,63,60,2012,3
1094,61,58,2012,3
1781,61,58,2012,3
1651,59,56,2012,3
1937,59,56,2012,3
1292,58,55,2012,3
1582,58,55,2012,3
1986,58,55,2012,3
1720,57,54,2012,3
1950,57,54,2012,3
1095,56,53,2012,3
1918,56,53,2012,3
2194,56,53,2012,3
1220,55,52,2012,3
1479,55,52,2012,3
1571,55,52,2012,3
1952,55,52,2012,3
1573,54,51,2012,3
1024,53,50,2012,3
1168,53,50,2012,3
1529,51,48,2012,3
1244,50,47,2012,3
1039,49,46,2012,3
1357,49,46,2012,3
1411,49,46,2012,3
1836,49,46,2012,3
1319,48,45,2012,3
1515,48,45,2012,3
1696,48,45,2012,3
1422,46,43,2012,3
1876,46,43,2012,3
1003,45,42,2012,3
1427,44,41,2012,3
1858,43,40,2012,3
1308,42,39,2012,3
1059,39,36,2012,3
1258,39,36,2012,3
2208,39,36,2012,3
1404,37,34,2012,3
1216,17,14,2012,3
1282,NA,NA,2012,3
1865,NA,NA,2012,3
2095,72,70,2013,2
1732,71,69,2013,2
2115,71,69,2013,2
1669,69,67,2013,2
2019,69,67,2013,2
1924,67,65,2013,2
2153,66,64,2013,2
1138,65,63,2013,2
1368,65,63,2013,2
1816,65,63,2013,2
1811,64,62,2013,2
1518,63,61,2013,2
2048,63,61,2013,2
1239,61,59,2013,2
2209,61,59,2013,2
1202,60,58,2013,2
1466,59,57,2013,2
1911,58,56,2013,2
1932,58,56,2013,2
1970,58,56,2013,2
2043,58,56,2013,2
2109,58,56,2013,2
1795,57,55,2013,2
1804,57,55,2013,2
1042,56,54,2013,2
1355,56,54,2013,2
1729,56,54,2013,2
1942,54,52,2013,2
2113,54,52,2013,2
1330,53,51,2013,2
1646,53,51,2013,2
1740,53,51,2013,2
1359,52,50,2013,2
2151,52,50,2013,2
1444,51,49,2013,2
1478,50,48,2013,2
1615,49,47,2013,2
2223,49,47,2013,2
1490,48,46,2013,2
1197,47,45,2013,2
1868,47,45,2013,2
1893,47,45,2013,2
2103,47,45,2013,2
2162,47,45,2013,2
1360,46,44,2013,2
1864,46,44,2013,2
2204,46,44,2013,2
1772,45,43,2013,2
1787,45,43,2013,2
1992,44,42,2013,2
2230,43,41,2013,2
1107,42,40,2013,2
1011,37,35,2013,2
1452,37,35,2013,2
2214,36,34,2013,2
1154,35,33,2013,2
2236,33,31,2013,2
1704,32,30,2013,2
1171,30,28,2013,2
1483,29,27,2013,2
1362,21,19,2013,2
1335,NA,NA,2013,2
1850,NA,NA,2013,2
1885,NA,NA,2013,2
1974,80,79,2014,1
1416,77,76,2014,1
1009,66,65,2014,1
1150,66,65,2014,1
2102,66,65,2014,1
2212,64,63,2014,1
1443,63,62,2014,1
1322,62,61,2014,1
1620,61,60,2014,1
1157,60,59,2014,1
1283,60,59,2014,1
1743,60,59,2014,1
2140,58,57,2014,1
1187,57,56,2014,1
1226,56,55,2014,1
1354,56,55,2014,1
1969,56,55,2014,1
2053,56,55,2014,1
1550,55,54,2014,1
1899,55,54,2014,1
1403,54,53,2014,1
1712,54,53,2014,1
2059,54,53,2014,1
1149,53,52,2014,1
1845,53,52,2014,1
1086,52,51,2014,1
1314,52,51,2014,1
1493,52,51,2014,1
1889,52,51,2014,1
2229,52,51,2014,1
1183,51,50,2014,1
1484,51,50,2014,1
1040,50,49,2014,1
1264,50,49,2014,1
1629,50,49,2014,1
1878,50,49,2014,1
1255,49,48,2014,1
2233,49,48,2014,1
1036,48,47,2014,1
1238,48,47,2014,1
1418,48,47,2014,1
1587,47,46,2014,1
1782,47,46,2014,1
1272,46,45,2014,1
1862,46,45,2014,1
1433,45,44,2014,1
1797,45,44,2014,1
2057,45,44,2014,1
1016,43,42,2014,1
1110,40,39,2014,1
1666,40,39,2014,1
2159,39,38,2014,1
1612,38,37,2014,1
1380,37,36,2014,1
2189,37,36,2014,1
2179,36,35,2014,1
1131,34,33,2014,1
1034,33,32,2014,1
1553,33,32,2014,1
1232,28,27,2014,1
2167,26,25,2014,1
2055,16,15,2014,1
1143,NA,NA,2014,1
1686,NA,NA,2014,1
1844,NA,NA,2014,1
2030,NA,NA,2014,1
2082,NA,NA,2014,1
2211,NA,NA,2014,1
1706,67,67,2015,0
1834,66,66,2015,0
2156,63,63,2015,0
1127,61,61,2015,0
1420,61,61,2015,0
1454,61,61,2015,0
1867,59,59,2015,0
1879,58,58,2015,0
2125,57,57,2015,0
2168,57,57,2015,0
1407,56,56,2015,0
1146,55,55,2015,0
2101,55,55,2015,0
1527,54,54,2015,0
1979,54,54,2015,0
1473,53,53,2015,0
1546,53,53,2015,0
1610,53,53,2015,0
1657,53,53,2015,0
2148,53,53,2015,0
1496,52,52,2015,0
1660,52,52,2015,0
2052,52,52,2015,0
1592,51,51,2015,0
1277,47,47,2015,0
1160,44,44,2015,0
1199,43,43,2015,0
1242,43,43,2015,0
1605,43,43,2015,0
1737,43,43,2015,0
1481,42,42,2015,0
1289,41,41,2015,0
1173,40,40,2015,0
1437,38,38,2015,0
1135,37,37,2015,0
1343,35,35,2015,0
1626,35,35,2015,0
1724,35,35,2015,0
1348,34,34,2015,0
1371,32,32,2015,0
1935,32,32,2015,0
1599,29,29,2015,0
1235,27,27,2015,0
1409,NA,NA,2015,0
1475,NA,NA,2015,0
1623,NA,NA,2015,0
2198,NA,NA,2015,0
