"pokemon","id","from","to","gen_id","evo_id","path_icon","evolution_chain_id","stage","y"
"bulbasaur",1,NA,"ivysaur",1,1,"pokemon/icon/bulbasaur.png","1",0,-1
"ivysaur",2,"bulbasaur","venusaur",1,1,"pokemon/icon/ivysaur.png","1",1,-1
"venusaur",3,"ivysaur",NA,1,1,"pokemon/icon/venusaur.png","1",2,-1
"charmander",4,NA,"charmeleon",1,2,"pokemon/icon/charmander.png","2",0,-2
"charmeleon",5,"charmander","charizard",1,2,"pokemon/icon/charmeleon.png","2",1,-2
"charizard",6,"charmeleon",NA,1,2,"pokemon/icon/charizard.png","2",2,-2
"squirtle",7,NA,"wartortle",1,3,"pokemon/icon/squirtle.png","3",0,-3
"wartortle",8,"squirtle","blastoise",1,3,"pokemon/icon/wartortle.png","3",1,-3
"blastoise",9,"wartortle",NA,1,3,"pokemon/icon/blastoise.png","3",2,-3
"caterpie",10,NA,"metapod",1,4,"pokemon/icon/caterpie.png","4",0,-4
"metapod",11,"caterpie","butterfree",1,4,"pokemon/icon/metapod.png","4",1,-4
"butterfree",12,"metapod",NA,1,4,"pokemon/icon/butterfree.png","4",2,-4
"weedle",13,NA,"kakuna",1,5,"pokemon/icon/weedle.png","5",0,-5
"kakuna",14,"weedle","beedrill",1,5,"pokemon/icon/kakuna.png","5",1,-5
"beedrill",15,"kakuna",NA,1,5,"pokemon/icon/beedrill.png","5",2,-5
"pidgey",16,NA,"pidgeotto",1,6,"pokemon/icon/pidgey.png","6",0,-6
"pidgeotto",17,"pidgey","pidgeot",1,6,"pokemon/icon/pidgeotto.png","6",1,-6
"pidgeot",18,"pidgeotto",NA,1,6,"pokemon/icon/pidgeot.png","6",2,-6
"rattata",19,NA,"raticate",1,7,"pokemon/icon/rattata.png","7",0,-7
"raticate",20,"rattata",NA,1,7,"pokemon/icon/raticate.png","7",1,-7
"spearow",21,NA,"fearow",1,8,"pokemon/icon/spearow.png","8",0,-8
"fearow",22,"spearow",NA,1,8,"pokemon/icon/fearow.png","8",1,-8
"ekans",23,NA,"arbok",1,9,"pokemon/icon/ekans.png","9",0,-9
"arbok",24,"ekans",NA,1,9,"pokemon/icon/arbok.png","9",1,-9
"pikachu",25,"pichu","raichu",1,10,"pokemon/icon/pikachu.png","10",1,-10
"raichu",26,"pikachu",NA,1,10,"pokemon/icon/raichu.png","10",2,-10
"sandshrew",27,NA,"sandslash",1,11,"pokemon/icon/sandshrew.png","11",0,-11
"sandslash",28,"sandshrew",NA,1,11,"pokemon/icon/sandslash.png","11",1,-11
"nidoran-f",29,NA,"nidorina",1,12,"pokemon/icon/nidoran-f.png","12",0,-12
"nidorina",30,"nidoran-f","nidoqueen",1,12,"pokemon/icon/nidorina.png","12",1,-12
"nidoqueen",31,"nidorina",NA,1,12,"pokemon/icon/nidoqueen.png","12",2,-12
"nidoran-m",32,NA,"nidorino",1,13,"pokemon/icon/nidoran-m.png","13",0,-13
"nidorino",33,"nidoran-m","nidoking",1,13,"pokemon/icon/nidorino.png","13",1,-13
"nidoking",34,"nidorino",NA,1,13,"pokemon/icon/nidoking.png","13",2,-13
"clefairy",35,"cleffa","clefable",1,14,"pokemon/icon/clefairy.png","14",1,-14
"clefable",36,"clefairy",NA,1,14,"pokemon/icon/clefable.png","14",2,-14
"vulpix",37,NA,"ninetales",1,15,"pokemon/icon/vulpix.png","15",0,-15
"ninetales",38,"vulpix",NA,1,15,"pokemon/icon/ninetales.png","15",1,-15
"jigglypuff",39,"igglybuff","wigglytuff",1,16,"pokemon/icon/jigglypuff.png","16",1,-16
"wigglytuff",40,"jigglypuff",NA,1,16,"pokemon/icon/wigglytuff.png","16",2,-16
"zubat",41,NA,"golbat",1,17,"pokemon/icon/zubat.png","17",0,-17
"golbat",42,"zubat","crobat",1,17,"pokemon/icon/golbat.png","17",1,-17
"oddish",43,NA,"gloom",1,18,"pokemon/icon/oddish.png","18",0,-18
"gloom",44,"oddish","vileplume",1,18,"pokemon/icon/gloom.png","18",1,-18
"vileplume",45,"gloom",NA,1,18,"pokemon/icon/vileplume.png","18",2,-18
"paras",46,NA,"parasect",1,19,"pokemon/icon/paras.png","19",0,-19
"parasect",47,"paras",NA,1,19,"pokemon/icon/parasect.png","19",1,-19
"venonat",48,NA,"venomoth",1,20,"pokemon/icon/venonat.png","20",0,-20
"venomoth",49,"venonat",NA,1,20,"pokemon/icon/venomoth.png","20",1,-20
"diglett",50,NA,"dugtrio",1,21,"pokemon/icon/diglett.png","21",0,-21
"dugtrio",51,"diglett",NA,1,21,"pokemon/icon/dugtrio.png","21",1,-21
"meowth",52,NA,"persian",1,22,"pokemon/icon/meowth.png","22",0,-22
"persian",53,"meowth",NA,1,22,"pokemon/icon/persian.png","22",1,-22
"psyduck",54,NA,"golduck",1,23,"pokemon/icon/psyduck.png","23",0,-23
"golduck",55,"psyduck",NA,1,23,"pokemon/icon/golduck.png","23",1,-23
"mankey",56,NA,"primeape",1,24,"pokemon/icon/mankey.png","24",0,-24
"primeape",57,"mankey","annihilape",1,24,"pokemon/icon/primeape.png","24",1,-24
"growlithe",58,NA,"arcanine",1,25,"pokemon/icon/growlithe.png","25",0,-25
"arcanine",59,"growlithe",NA,1,25,"pokemon/icon/arcanine.png","25",1,-25
"poliwag",60,NA,"poliwhirl",1,26,"pokemon/icon/poliwag.png","26",0,-26
"poliwhirl",61,"poliwag","poliwrath",1,26,"pokemon/icon/poliwhirl.png","26",1,-26
"poliwrath",62,"poliwhirl",NA,1,26,"pokemon/icon/poliwrath.png","26",2,-26
"abra",63,NA,"kadabra",1,27,"pokemon/icon/abra.png","27",0,-27
"kadabra",64,"abra","alakazam",1,27,"pokemon/icon/kadabra.png","27",1,-27
"alakazam",65,"kadabra",NA,1,27,"pokemon/icon/alakazam.png","27",2,-27
"machop",66,NA,"machoke",1,28,"pokemon/icon/machop.png","28",0,-28
"machoke",67,"machop","machamp",1,28,"pokemon/icon/machoke.png","28",1,-28
"machamp",68,"machoke",NA,1,28,"pokemon/icon/machamp.png","28",2,-28
"bellsprout",69,NA,"weepinbell",1,29,"pokemon/icon/bellsprout.png","29",0,-29
"weepinbell",70,"bellsprout","victreebel",1,29,"pokemon/icon/weepinbell.png","29",1,-29
"victreebel",71,"weepinbell",NA,1,29,"pokemon/icon/victreebel.png","29",2,-29
"tentacool",72,NA,"tentacruel",1,30,"pokemon/icon/tentacool.png","30",0,-30
"tentacruel",73,"tentacool",NA,1,30,"pokemon/icon/tentacruel.png","30",1,-30
"geodude",74,NA,"graveler",1,31,"pokemon/icon/geodude.png","31",0,-31
"graveler",75,"geodude","golem",1,31,"pokemon/icon/graveler.png","31",1,-31
"golem",76,"graveler",NA,1,31,"pokemon/icon/golem.png","31",2,-31
"ponyta",77,NA,"rapidash",1,32,"pokemon/icon/ponyta.png","32",0,-32
"rapidash",78,"ponyta",NA,1,32,"pokemon/icon/rapidash.png","32",1,-32
"slowpoke",79,NA,"slowbro",1,33,"pokemon/icon/slowpoke.png","33",0,-33
"slowbro",80,"slowpoke",NA,1,33,"pokemon/icon/slowbro.png","33",1,-33
"magnemite",81,NA,"magneton",1,34,"pokemon/icon/magnemite.png","34",0,-34
"magneton",82,"magnemite","magnezone",1,34,"pokemon/icon/magneton.png","34",1,-34
"farfetchd",83,NA,"sirfetchd",1,35,"pokemon/icon/farfetchd.png","35",0,-35
"doduo",84,NA,"dodrio",1,36,"pokemon/icon/doduo.png","36",0,-36
"dodrio",85,"doduo",NA,1,36,"pokemon/icon/dodrio.png","36",1,-36
"seel",86,NA,"dewgong",1,37,"pokemon/icon/seel.png","37",0,-37
"dewgong",87,"seel",NA,1,37,"pokemon/icon/dewgong.png","37",1,-37
"grimer",88,NA,"muk",1,38,"pokemon/icon/grimer.png","38",0,-38
"muk",89,"grimer",NA,1,38,"pokemon/icon/muk.png","38",1,-38
"shellder",90,NA,"cloyster",1,39,"pokemon/icon/shellder.png","39",0,-39
"cloyster",91,"shellder",NA,1,39,"pokemon/icon/cloyster.png","39",1,-39
"gastly",92,NA,"haunter",1,40,"pokemon/icon/gastly.png","40",0,-40
"haunter",93,"gastly","gengar",1,40,"pokemon/icon/haunter.png","40",1,-40
"gengar",94,"haunter",NA,1,40,"pokemon/icon/gengar.png","40",2,-40
"onix",95,NA,"steelix",1,41,"pokemon/icon/onix.png","41",0,-41
"drowzee",96,NA,"hypno",1,42,"pokemon/icon/drowzee.png","42",0,-42
"hypno",97,"drowzee",NA,1,42,"pokemon/icon/hypno.png","42",1,-42
"krabby",98,NA,"kingler",1,43,"pokemon/icon/krabby.png","43",0,-43
"kingler",99,"krabby",NA,1,43,"pokemon/icon/kingler.png","43",1,-43
"voltorb",100,NA,"electrode",1,44,"pokemon/icon/voltorb.png","44",0,-44
"electrode",101,"voltorb",NA,1,44,"pokemon/icon/electrode.png","44",1,-44
"exeggcute",102,NA,"exeggutor",1,45,"pokemon/icon/exeggcute.png","45",0,-45
"exeggutor",103,"exeggcute",NA,1,45,"pokemon/icon/exeggutor.png","45",1,-45
"cubone",104,NA,"marowak",1,46,"pokemon/icon/cubone.png","46",0,-46
"marowak",105,"cubone",NA,1,46,"pokemon/icon/marowak.png","46",1,-46
"hitmonlee",106,"tyrogue",NA,1,47,"pokemon/icon/hitmonlee.png","47",1,-47
"hitmonchan",107,"tyrogue",NA,1,47,"pokemon/icon/hitmonchan.png","47",1,-47
"lickitung",108,NA,"lickilicky",1,48,"pokemon/icon/lickitung.png","48",0,-48
"koffing",109,NA,"weezing",1,49,"pokemon/icon/koffing.png","49",0,-49
"weezing",110,"koffing",NA,1,49,"pokemon/icon/weezing.png","49",1,-49
"rhyhorn",111,NA,"rhydon",1,50,"pokemon/icon/rhyhorn.png","50",0,-50
"rhydon",112,"rhyhorn","rhyperior",1,50,"pokemon/icon/rhydon.png","50",1,-50
"chansey",113,"happiny","blissey",1,51,"pokemon/icon/chansey.png","51",1,-51
"tangela",114,NA,"tangrowth",1,52,"pokemon/icon/tangela.png","52",0,-52
"horsea",116,NA,"seadra",1,54,"pokemon/icon/horsea.png","54",0,-54
"seadra",117,"horsea","kingdra",1,54,"pokemon/icon/seadra.png","54",1,-54
"goldeen",118,NA,"seaking",1,55,"pokemon/icon/goldeen.png","55",0,-55
"seaking",119,"goldeen",NA,1,55,"pokemon/icon/seaking.png","55",1,-55
"staryu",120,NA,"starmie",1,56,"pokemon/icon/staryu.png","56",0,-56
"starmie",121,"staryu",NA,1,56,"pokemon/icon/starmie.png","56",1,-56
"mr-mime",122,"mime-jr","mr-rime",1,57,"pokemon/icon/mr-mime.png","57",1,-57
"scyther",123,NA,"scizor",1,58,"pokemon/icon/scyther.png","58",0,-58
"jynx",124,"smoochum",NA,1,59,"pokemon/icon/jynx.png","59",1,-59
"electabuzz",125,"elekid","electivire",1,60,"pokemon/icon/electabuzz.png","60",1,-60
"magmar",126,"magby","magmortar",1,61,"pokemon/icon/magmar.png","61",1,-61
"magikarp",129,NA,"gyarados",1,64,"pokemon/icon/magikarp.png","64",0,-64
"gyarados",130,"magikarp",NA,1,64,"pokemon/icon/gyarados.png","64",1,-64
"eevee",133,NA,"vaporeon",1,67,"pokemon/icon/eevee.png","67",0,-67
"vaporeon",134,"eevee",NA,1,67,"pokemon/icon/vaporeon.png","67",1,-67
"jolteon",135,"eevee",NA,1,67,"pokemon/icon/jolteon.png","67",1,-67
"flareon",136,"eevee",NA,1,67,"pokemon/icon/flareon.png","67",1,-67
"porygon",137,NA,"porygon2",1,68,"pokemon/icon/porygon.png","68",0,-68
"omanyte",138,NA,"omastar",1,69,"pokemon/icon/omanyte.png","69",0,-69
"omastar",139,"omanyte",NA,1,69,"pokemon/icon/omastar.png","69",1,-69
"kabuto",140,NA,"kabutops",1,70,"pokemon/icon/kabuto.png","70",0,-70
"kabutops",141,"kabuto",NA,1,70,"pokemon/icon/kabutops.png","70",1,-70
"snorlax",143,"munchlax",NA,1,72,"pokemon/icon/snorlax.png","72",1,-72
"dratini",147,NA,"dragonair",1,76,"pokemon/icon/dratini.png","76",0,-76
"dragonair",148,"dratini","dragonite",1,76,"pokemon/icon/dragonair.png","76",1,-76
"dragonite",149,"dragonair",NA,1,76,"pokemon/icon/dragonite.png","76",2,-76
"crobat",169,"golbat",NA,2,17,"pokemon/icon/crobat.png","17",2,-17
"pichu",172,NA,"pikachu",2,10,"pokemon/icon/pichu.png","10",0,-10
"cleffa",173,NA,"clefairy",2,14,"pokemon/icon/cleffa.png","14",0,-14
"igglybuff",174,NA,"jigglypuff",2,16,"pokemon/icon/igglybuff.png","16",0,-16
"bellossom",182,"gloom",NA,2,18,"pokemon/icon/bellossom.png","18",2,-18
"politoed",186,"poliwhirl",NA,2,26,"pokemon/icon/politoed.png","26",2,-26
"espeon",196,"eevee",NA,2,67,"pokemon/icon/espeon.png","67",1,-67
"umbreon",197,"eevee",NA,2,67,"pokemon/icon/umbreon.png","67",1,-67
"slowking",199,"slowpoke",NA,2,33,"pokemon/icon/slowking.png","33",1,-33
"steelix",208,"onix",NA,2,41,"pokemon/icon/steelix.png","41",1,-41
"scizor",212,"scyther",NA,2,58,"pokemon/icon/scizor.png","58",1,-58
"kingdra",230,"seadra",NA,2,54,"pokemon/icon/kingdra.png","54",2,-54
"porygon2",233,"porygon","porygon-z",2,68,"pokemon/icon/porygon2.png","68",1,-68
"tyrogue",236,NA,"hitmonlee",2,47,"pokemon/icon/tyrogue.png","47",0,-47
"hitmontop",237,"tyrogue",NA,2,47,"pokemon/icon/hitmontop.png","47",1,-47
"smoochum",238,NA,"jynx",2,59,"pokemon/icon/smoochum.png","59",0,-59
"elekid",239,NA,"electabuzz",2,60,"pokemon/icon/elekid.png","60",0,-60
"magby",240,NA,"magmar",2,61,"pokemon/icon/magby.png","61",0,-61
"blissey",242,"chansey",NA,2,51,"pokemon/icon/blissey.png","51",2,-51
"mime-jr",439,NA,"mr-mime",4,57,"pokemon/icon/mime-jr.png","57",0,-57
"happiny",440,NA,"chansey",4,51,"pokemon/icon/happiny.png","51",0,-51
"munchlax",446,NA,"snorlax",4,72,"pokemon/icon/munchlax.png","72",0,-72
"magnezone",462,"magneton",NA,4,34,"pokemon/icon/magnezone.png","34",2,-34
"lickilicky",463,"lickitung",NA,4,48,"pokemon/icon/lickilicky.png","48",1,-48
"rhyperior",464,"rhydon",NA,4,50,"pokemon/icon/rhyperior.png","50",2,-50
"tangrowth",465,"tangela",NA,4,52,"pokemon/icon/tangrowth.png","52",1,-52
"electivire",466,"electabuzz",NA,4,60,"pokemon/icon/electivire.png","60",2,-60
"magmortar",467,"magmar",NA,4,61,"pokemon/icon/magmortar.png","61",2,-61
"leafeon",470,"eevee",NA,4,67,"pokemon/icon/leafeon.png","67",1,-67
"glaceon",471,"eevee",NA,4,67,"pokemon/icon/glaceon.png","67",1,-67
"porygon-z",474,"porygon2",NA,4,68,"pokemon/icon/porygon-z.png","68",2,-68
"sylveon",700,"eevee",NA,6,67,"pokemon/icon/sylveon.png","67",1,-67
"perrserker",863,"meowth",NA,8,22,"pokemon/icon/black.png","22",1,-22
"annihilape",979,"primeape",NA,9,24,"pokemon/icon/black.png","24",2,-24
"sirfetchd",865,"farfetchd",NA,8,35,"pokemon/icon/black.png","35",1,-35
"mr-rime",866,"mr-mime",NA,8,57,"pokemon/icon/black.png","57",2,-57
"kleavor",900,"scyther",NA,8,58,"pokemon/icon/black.png","58",1,-58
